fnstem,best.channel,recording.type,BR,BUZZ,CS,HERDING,HFW,IGNORE,NOLABEL,PHS,SS,TAILSLAP,Unlabelled,WHISTLE
150718_0166_L,1,array,no,no,no,no,no,no,no,no,no,no,no,no
150718_0167_L,1,array,no,no,no,no,no,no,no,no,no,no,no,no
2015-07-07a,1,array,no,no,no,no,no,yes,no,no,yes,no,yes,no
2015-07-07b,1,array,no,no,no,no,no,yes,no,no,yes,no,yes,no
2015-07-07c,1,array,no,no,no,no,no,yes,no,no,yes,no,yes,no
2015-07-29a,2,array,no,no,no,no,no,yes,no,no,yes,no,yes,no
2015-07-29b,2,array,no,no,no,no,no,no,no,no,no,no,no,no
2015-07-29c,2,array,no,no,no,no,no,yes,no,no,no,no,yes,no
2015-09-07a,2,array,no,no,no,no,no,yes,no,no,yes,no,yes,no
2015-09-07b,2,array,no,no,no,no,no,yes,no,no,yes,no,yes,no
2015-09-07c,2,array,no,no,no,no,no,yes,no,no,yes,no,yes,no
2015-09-07d,2,array,no,no,no,no,no,no,no,no,no,no,no,no
2015-09-07e,2,array,no,no,no,no,no,no,no,no,no,no,no,no
2015-09-07f,2,array,no,no,no,no,no,no,no,no,no,no,no,no
2015-09-07g,2,array,no,no,no,no,no,no,no,no,no,no,no,no
2015-09-07h,2,array,no,no,no,no,no,no,no,no,no,no,no,no
2015-09-07i,2,array,no,no,no,no,no,yes,no,no,yes,no,yes,no
2015-11-07a,2,array,no,no,no,no,no,no,no,no,no,no,no,no
2015-11-07b,2,array,no,no,no,no,no,no,no,no,no,no,no,no
2015-11-07c,2,array,no,no,no,no,no,no,no,no,no,no,no,no
2015-11-07d,2,array,no,no,no,no,no,no,no,no,no,no,no,no
2015-11-07e,2,array,no,no,no,no,no,no,no,no,no,no,no,no
2015-11-07f,2,array,no,no,no,no,no,no,no,no,no,no,no,no
2015-11-07g,2,array,no,no,no,no,no,no,no,no,no,no,no,no
2015-11-07h,2,array,no,no,no,no,no,yes,no,no,yes,no,yes,no
2015-11-07i,2,array,no,no,no,no,no,yes,no,no,yes,no,yes,no
2015-11-07j,2,array,no,no,no,no,no,yes,no,no,yes,no,yes,no
2015-11-07k,2,array,no,no,no,no,no,yes,no,no,yes,no,yes,no
2015-11-07l,2,array,no,no,no,no,no,yes,no,no,yes,no,yes,no
2015-11-07m,2,array,no,no,no,no,no,no,no,no,yes,no,yes,no
2015-12-07a,2,array,no,no,no,no,no,yes,no,no,yes,no,yes,no
2015-12-07b,2,array,no,no,no,no,no,yes,no,no,yes,no,yes,no
2015-12-07c,2,array,no,no,no,no,no,yes,no,no,yes,no,yes,no
2015-12-07d,2,array,no,no,no,no,no,no,no,no,no,no,no,no
2015-12-07e,2,array,no,no,no,no,no,yes,no,no,yes,no,yes,no
2015-12-07f,2,array,no,no,no,no,no,no,no,no,no,no,no,no
2015-12-07g,2,array,no,no,no,no,no,no,no,no,no,no,no,no
2015-12-07h,2,array,no,no,no,no,no,no,no,no,no,no,no,no
2015-12-07i,2,array,no,no,no,no,no,no,no,no,no,no,no,no
2015-12-07j,2,array,no,no,no,no,no,no,no,no,no,no,no,no
2015-12-07k,2,array,no,no,no,no,no,no,no,no,no,no,no,no
2015-12-07l,2,array,no,no,no,no,no,yes,no,no,no,no,yes,no
2015-12-07m,2,array,no,no,no,no,no,no,no,no,no,no,no,no
2015-12-07n,2,array,no,no,no,no,no,yes,no,no,yes,no,yes,no
2015-12-07o,2,array,no,no,no,no,no,yes,no,no,yes,no,yes,no
2015-13-07a,2,array,no,no,no,no,no,yes,no,no,yes,no,yes,no
2015-13-07b,2,array,no,no,no,no,no,yes,no,no,no,no,yes,no
2015-13-07c,2,array,no,no,no,no,no,yes,no,no,no,no,yes,no
2015-13-07d,2,array,no,no,no,no,no,no,no,no,no,no,no,no
2015-15-07a,1,array,no,no,no,no,no,yes,no,no,yes,no,yes,no
2015-15-07b,1,array,no,no,no,no,no,yes,no,no,yes,no,yes,no
2015-15-07c,1,array,no,no,no,no,no,yes,no,no,yes,no,yes,no
2015-15-07d,1,array,no,no,no,no,no,yes,no,no,yes,no,yes,no
2015-15-07e,1,array,no,no,no,no,no,yes,no,no,yes,no,yes,no
2015-15-07f,1,array,no,no,no,no,no,yes,no,no,yes,no,yes,no
2015-15-07g,1,array,no,no,no,no,no,yes,no,no,yes,no,yes,no
2015-17-07a,1,array,no,no,no,no,no,yes,no,no,yes,no,yes,no
2015-17-07b,1,array,no,no,no,no,no,yes,no,no,yes,no,yes,no
2015-17-07c,1,array,no,no,no,no,no,yes,no,no,no,no,yes,no
2015-17-07d,1,array,no,no,no,no,no,yes,no,no,yes,no,yes,no
2015-17-07e,1,array,no,no,no,no,no,no,no,no,no,no,no,no
2015-17-07f,1,array,no,no,no,no,no,no,no,no,no,no,no,no
2015-17-07g,1,array,no,no,no,no,no,no,no,no,no,no,no,no
2015-17-07h,1,array,no,no,no,no,no,yes,no,no,no,no,yes,no
2015-18-07a,1,array,no,no,no,no,no,yes,no,no,no,no,yes,no
2015-18-07b,1,array,no,no,no,no,no,no,no,no,no,no,no,no
2015-18-07c,1,array,no,no,no,no,no,yes,no,no,yes,no,yes,no
2015-18-07d,1,array,no,no,no,no,no,yes,no,no,yes,no,yes,no
2015-18-07e,1,array,no,no,no,no,no,no,no,no,no,no,no,no
2015-18-07f,1,array,no,no,no,no,no,yes,no,no,no,no,yes,no
2015-18-07g,1,array,no,no,no,no,no,yes,no,no,yes,no,yes,no
2015-18-07h,1,array,no,no,no,no,no,no,no,no,no,no,no,no
2015-20-07a,2,array,no,no,no,no,no,no,no,no,no,no,no,no
2015-20-07b,2,array,no,no,no,no,no,no,no,no,no,no,no,no
2015-20-07c,2,array,no,no,no,no,no,no,no,no,no,no,no,no
2015-20-07d,2,array,no,no,no,no,no,no,no,no,no,no,no,no
2015-20-07e,2,array,no,no,no,no,no,no,no,no,no,no,no,no
2015-20-07f,2,array,no,no,no,no,no,no,no,no,no,no,no,no
2015-20-07g,2,array,no,no,no,no,no,no,no,no,no,no,no,no
2015-21-07a,2,array,no,no,no,no,no,yes,no,no,yes,no,yes,no
2015-21-07b,2,array,no,no,no,no,no,yes,no,no,yes,no,yes,no
2015-21-07c,2,array,no,no,no,no,no,yes,no,no,yes,no,yes,no
2015-21-07d,2,array,no,no,no,no,no,yes,no,no,yes,no,yes,no
2015-21-07e,2,array,no,no,no,no,no,no,no,no,no,no,no,no
2015-21-07f,2,array,no,no,no,no,no,no,no,no,yes,no,yes,no
2015-21-07g,2,array,no,no,no,no,no,yes,no,no,no,no,yes,no
2015-21-07h,2,array,no,no,no,no,no,no,no,no,no,no,no,no
2015-23-07a,2,array,no,no,no,no,no,yes,no,no,yes,no,yes,no
2015-23-07b,2,array,no,no,no,no,no,yes,no,no,yes,no,yes,no
2015-25-07a,2,array,no,no,no,no,no,yes,no,no,yes,no,yes,no
2015-25-07b,2,array,no,no,no,no,no,yes,no,no,yes,no,yes,no
2015-25-07c,2,array,no,no,no,no,no,yes,no,no,yes,no,yes,no
2015-25-07d,2,array,no,no,no,no,no,yes,no,no,yes,no,yes,no
2015-25-07e,2,array,no,no,no,no,no,yes,no,no,yes,no,yes,no
2015-25-07f,2,array,no,no,no,no,no,yes,no,no,no,no,yes,no
2015-25-07g,2,array,no,no,no,no,no,yes,no,no,yes,no,yes,no
2015-25-07h,2,array,no,no,no,no,no,no,no,no,yes,no,yes,no
2015-25-07i,2,array,no,no,no,no,no,yes,no,no,no,no,yes,no
2015-25-07j,2,array,no,no,no,no,no,yes,no,no,no,no,yes,no
2015-26-07a,2,array,no,no,no,no,no,yes,no,no,yes,no,yes,no
2015-26-07b,2,array,no,no,no,no,no,yes,no,no,yes,no,yes,no
2015-26-07c,2,array,no,no,no,no,no,yes,no,no,yes,no,yes,no
2015-26-07d,2,array,no,no,no,no,no,yes,no,no,yes,no,yes,no
2015-27-07a,2,array,no,no,no,no,no,no,no,no,no,no,no,no
2015-27-07b,2,array,no,no,no,no,no,no,no,no,no,no,no,no
2015-27-07c,2,array,no,no,no,no,no,no,no,no,no,no,no,no
2015-28-07a,2,array,no,no,no,no,no,no,no,no,no,no,no,no
2015-28-07b,2,array,no,no,no,no,no,no,no,no,no,no,no,no
2015-28-07c,2,array,no,no,no,no,no,no,no,no,no,no,no,no
2015-28-07d,2,array,no,no,no,no,no,no,no,no,no,no,no,no
2015-28-07e,2,array,no,no,no,no,no,no,no,no,no,no,no,no
2015_07_14a,2,array,no,no,no,no,no,no,no,no,no,no,no,no
2015_07_14b,1,array,no,no,no,no,no,yes,no,no,no,no,yes,no
2016-05-07A,1,array,no,no,no,no,no,no,no,no,no,no,no,no
2016-05-07B,1,array,no,no,no,no,no,no,no,no,no,no,no,no
2016-05-07C,1,array,no,no,no,no,no,yes,no,no,no,no,yes,no
2016-05-07D,1,array,no,no,no,no,no,yes,no,no,yes,no,yes,no
2016-05-07E,1,array,no,no,no,no,no,yes,no,no,yes,no,yes,no
2016-05-07F,1,array,no,no,no,no,no,yes,no,no,yes,no,yes,no
2016-05-07G,1,array,no,no,no,no,no,no,no,no,no,no,no,no
2016-05-07H,1,array,no,no,no,no,no,no,no,no,yes,no,yes,no
2016-05-07I,1,array,no,no,no,no,no,no,no,no,no,no,no,no
2016-05-07J,1,array,no,no,no,no,no,no,no,no,yes,no,yes,no
2016-05-07K,1,array,no,no,no,no,no,no,no,no,no,no,no,no
2016-05-07L,1,array,no,no,no,no,no,no,no,no,no,no,no,no
2016-05-07M,1,array,no,no,no,no,no,no,no,no,no,no,no,no
2016-05-07N,1,array,no,no,no,no,no,no,no,no,no,no,no,no
2016-05-07O,1,array,no,no,no,no,no,no,no,no,no,no,no,no
2016-05-07P,1,array,no,no,no,no,no,no,no,no,no,no,no,no
2016-07-07A,2,array,no,no,no,no,no,yes,no,no,yes,no,yes,no
2016-07-07B,2,array,no,no,no,no,no,yes,no,no,yes,no,yes,no
2016-07-07C,2,array,no,no,no,no,no,yes,no,no,yes,no,yes,no
2016-12-07A,2,array,no,no,no,no,no,yes,no,no,yes,no,yes,no
2016-12-07B,2,array,no,no,no,no,no,yes,no,no,yes,no,yes,no
2016-12-07C,2,array,no,no,no,no,no,yes,no,no,no,no,yes,no
2016-13-07A,2,array,no,no,no,no,no,yes,no,no,yes,no,yes,no
2016-13-07B,2,array,no,no,no,no,no,yes,no,no,yes,no,yes,no
2016-13-07C,2,array,no,no,no,no,no,yes,no,no,yes,no,yes,no
2016-13-07D,2,array,no,no,no,no,no,yes,no,no,yes,no,yes,no
2016-13-07G,2,array,no,no,no,no,no,yes,no,no,yes,no,yes,no
2016-13-07I,2,array,no,no,no,no,no,yes,no,no,yes,no,yes,no
2016-13-07K,2,array,no,no,no,no,no,yes,no,no,no,no,yes,no
2016-13-07M,2,array,no,no,no,no,no,no,no,no,no,no,no,no
2016-13-07N,2,array,no,no,no,no,no,yes,no,no,yes,no,yes,no
2016-13-07O,2,array,no,no,no,no,no,yes,no,no,yes,no,yes,no
2016-13-07P,2,array,no,no,no,no,no,yes,no,no,yes,no,yes,no
2016-13-07Q,2,array,no,no,no,no,no,no,no,no,no,no,no,no
2016-16-07A,2,array,no,no,no,no,no,yes,no,no,yes,no,yes,no
2016-16-07C,2,array,no,no,no,no,no,yes,no,no,yes,no,yes,no
2016-16-07D,2,array,no,no,no,no,no,yes,no,no,yes,no,yes,no
2016-16-07E,2,array,no,no,no,no,no,yes,no,no,yes,no,yes,no
2016-16-07F,2,array,no,no,no,no,no,yes,no,no,yes,no,yes,no
2016-16-07G,2,array,no,no,no,no,no,yes,no,no,yes,no,yes,no
2016-16-07H,2,array,no,no,no,no,no,yes,no,no,yes,no,yes,no
2016-16-07I,2,array,no,no,no,no,no,yes,no,no,no,no,yes,no
2016-20-071001,1,array,no,no,no,no,no,no,no,no,no,no,no,no
2016-20-071005,1,array,no,no,no,no,no,no,no,no,no,no,no,no
2016-20-071006,1,array,no,no,no,no,no,no,no,no,no,no,no,no
2016-20-071007,1,array,no,no,no,no,no,no,no,no,no,no,no,no
2016-20-071008,1,array,no,no,no,no,no,yes,no,no,no,no,yes,no
2016-20-071009,2,array,no,no,no,no,no,yes,no,no,yes,no,yes,no
2016-20-071010,2,array,no,no,no,no,no,yes,no,no,yes,no,yes,no
2016-20-071011,2,array,no,no,no,no,no,yes,no,no,yes,no,yes,no
2016-20-071012,2,array,no,no,no,no,no,yes,no,no,yes,no,yes,no
2016-20-071013,2,array,no,no,no,no,no,no,no,no,no,no,no,no
2016-20-07T296,2,array,no,no,no,no,no,yes,no,no,yes,no,yes,no
2016-20-07T297,2,array,no,no,no,no,no,yes,no,no,yes,no,yes,no
2016-20-07T298,2,array,no,no,no,no,no,yes,no,no,yes,no,yes,no
2016-20-07T299,2,array,no,no,no,no,no,yes,no,no,yes,no,yes,no
2016-21-07T300,1,array,no,no,no,no,no,no,no,no,no,no,no,no
2016-21-07T301,1,array,no,no,no,no,no,no,no,no,no,no,no,no
2016-21-07T302,1,array,no,no,no,no,no,yes,no,no,yes,no,yes,no
2016-21-07T303,1,array,no,no,no,no,no,no,no,no,no,no,no,no
2016-21-07T304,1,array,no,no,no,no,no,yes,no,no,yes,no,yes,no
2016-21-07T305,1,array,no,no,no,no,no,no,no,no,no,no,no,no
2016-21-07T306,1,array,no,no,no,no,no,no,no,no,no,no,no,no
2016-21-07T307,1,array,no,no,no,no,no,no,no,no,no,no,no,no
2016-22-071001,2,array,no,no,no,no,no,no,no,no,no,no,no,no
2016-22-071002,2,array,no,no,no,no,no,yes,no,no,yes,no,yes,no
2016-22-071003,2,array,no,no,no,no,no,no,no,no,no,no,no,no
2016-22-071004,2,array,no,no,no,no,no,yes,no,no,yes,no,yes,no
2016-22-071005,2,array,no,no,no,no,no,yes,no,no,yes,no,yes,no
2016-22-071006,2,array,no,no,no,no,no,yes,no,no,yes,no,yes,no
2016-22-071007,2,array,no,no,no,no,no,yes,no,no,yes,no,yes,no
2016-22-07T308,2,array,no,no,no,no,no,no,no,no,no,no,no,no
2016-22-07T309,2,array,no,no,no,no,no,no,no,no,no,no,no,no
2016-22-07T310,2,array,no,no,no,no,no,no,no,no,no,no,no,no
2016-22-07T311,2,array,no,no,no,no,no,no,no,no,no,no,no,no
2016-22-07T312,2,array,no,no,no,no,no,no,no,no,no,no,no,no
2016-23-071001,1,array,no,no,no,no,no,yes,no,no,yes,no,yes,no
2016-23-071002,1,array,no,no,no,no,no,yes,no,no,yes,no,yes,no
2016-23-071003,1,array,no,no,no,no,no,yes,no,no,yes,no,yes,no
2016-23-071004,1,array,no,no,no,no,no,yes,no,no,yes,no,yes,no
2016-23-07T313,2,array,no,no,no,no,no,yes,no,no,yes,no,yes,no
2016-23-07T314,2,array,no,no,no,no,no,yes,no,no,yes,no,yes,no
2016-23-07T315,2,array,no,no,no,no,no,yes,no,no,yes,no,yes,no
2016-23-07T316,2,array,no,no,no,no,no,no,no,no,no,no,no,no
2016-23-07T317,2,array,no,no,no,no,no,yes,no,no,yes,no,yes,no
2016-23-07T318,2,array,no,no,no,no,no,yes,no,no,yes,no,yes,no
2016-23-07T319,2,array,no,no,no,no,no,yes,no,no,yes,no,yes,no
2016-23-07T320,2,array,no,no,no,no,no,yes,no,no,yes,no,yes,no
2016-23-07T321,2,array,no,no,no,no,no,yes,no,no,yes,no,yes,no
2016-23-07T322,2,array,no,no,no,no,no,yes,no,no,yes,no,yes,no
2016-24-071001,2,array,no,no,no,no,no,yes,no,no,yes,no,yes,no
2016-24-071002,2,array,no,no,no,no,no,yes,no,no,yes,no,yes,no
2016-24-071003,2,array,no,no,no,no,no,yes,no,no,yes,no,yes,no
2016-24-071004,2,array,no,no,no,no,no,yes,no,no,yes,no,yes,no
2016-24-071005,2,array,no,no,no,no,no,yes,no,no,yes,no,yes,no
2016-24-071006,2,array,no,no,no,no,no,yes,no,no,yes,no,yes,no
2016-24-071007,2,array,no,no,no,no,no,yes,no,no,yes,no,yes,no
2016-24-07T323,1,array,no,no,no,no,no,yes,no,no,no,no,yes,no
2016-24-07T324,1,array,no,no,no,no,no,no,no,no,no,no,no,no
2016-24-07T325,1,array,no,no,no,no,no,no,no,no,no,no,no,no
2016-24-07T326,1,array,no,no,no,no,no,no,no,no,no,no,no,no
2016-24-07T327,1,array,no,no,no,no,no,no,no,no,no,no,no,no
2016-24-07T328,1,array,no,no,no,no,no,yes,no,no,no,no,yes,no
2016-24-07T329,1,array,no,no,no,no,no,no,no,no,no,no,no,no
2016-24-07T330,1,array,no,no,no,no,no,no,no,no,no,no,no,no
2016-25-07T331,1,array,no,no,no,no,no,yes,no,no,yes,no,yes,no
2016-25-07T332,1,array,no,no,no,no,no,yes,no,no,yes,no,yes,no
2016-25-07T333,1,array,no,no,no,no,no,yes,no,no,yes,no,yes,no
2016-25-07T334,1,array,no,no,no,no,no,no,no,no,no,no,no,no
2016-25-07T335,1,array,no,no,no,no,no,no,no,no,no,no,no,no
2016-25-07T336,1,array,no,no,no,no,no,no,no,no,no,no,no,no
2016-25-07T337,1,array,no,no,no,no,no,yes,no,no,yes,no,yes,no
2016-25-07T338,1,array,no,no,no,no,no,yes,no,no,no,no,yes,no
2016-25-07T339,1,array,no,no,no,no,no,yes,no,no,yes,no,yes,no
2016-25-07T340,1,array,no,no,no,no,no,yes,no,no,yes,no,yes,no
2016-25-07T341,1,array,no,no,no,no,no,yes,no,no,yes,no,yes,no
2016-25-07T342,1,array,no,no,no,no,no,yes,no,no,yes,no,yes,no
2016-25-07T343,1,array,no,no,no,no,no,yes,no,no,yes,no,yes,no
2016-27-07T344,1,array,no,no,no,no,no,yes,no,no,yes,no,yes,no
2016-27-07T345,1,array,no,no,no,no,no,yes,no,no,yes,no,yes,no
2016-27-07T346,1,array,no,no,no,no,no,yes,no,no,yes,no,yes,no
2016-27-07T347,1,array,no,no,no,no,no,yes,no,no,yes,no,yes,no
2016-27-07T348,1,array,no,no,no,no,no,yes,no,no,yes,no,yes,no
2016-27-07T349,1,array,no,no,no,no,no,yes,no,no,yes,no,yes,no
2016-27-07T350,1,array,no,no,no,no,no,yes,no,no,yes,no,yes,no
2016-27-07T351,1,array,no,no,no,no,no,yes,no,no,yes,no,yes,no
2016-27-07T352,1,array,no,no,no,no,no,yes,no,no,no,no,yes,no
2016-27-07T353,1,array,no,no,no,no,no,yes,no,no,yes,no,yes,no
2016-27-07T354,1,array,no,no,no,no,no,no,no,no,no,no,no,no
2016-27-07T355,1,array,no,no,no,no,no,no,no,no,no,no,no,no
2016-27-07T356,1,array,no,no,no,no,no,no,no,no,no,no,no,no
2016-27-07T357,1,array,no,no,no,no,no,no,no,no,no,no,no,no
2016-27-07T358,1,array,no,no,no,no,no,no,no,no,no,no,no,no
2016-27-07T359,1,array,no,no,no,no,no,no,no,no,no,no,no,no
2016-27-07T360,1,array,no,no,no,no,no,no,no,no,no,no,no,no
2016-27-07T361,1,array,no,no,no,no,no,no,no,no,no,no,no,no
2016-27-07T362,1,array,no,no,no,no,no,no,no,no,no,no,no,no
2016-27-07T363,1,array,no,no,no,no,no,yes,no,no,no,no,yes,no
220623_0001_3,1,array,no,no,no,no,no,yes,yes,no,yes,no,yes,yes
220623_0002_3,1,array,no,no,no,no,no,yes,no,no,yes,no,yes,yes
220623_0003_3,1,array,no,no,no,no,no,yes,no,no,yes,no,yes,no
220623_0004_3,1,array,no,no,no,no,no,yes,no,no,no,no,yes,yes
220623_0005_3,1,array,no,no,no,no,no,yes,no,no,yes,yes,yes,yes
220623_0006_3,1,array,no,no,no,no,no,yes,no,no,yes,no,yes,yes
220624_0001_3,1,array,no,no,no,no,no,no,no,no,no,no,no,no
220624_0002_3,1,array,no,no,no,no,no,no,no,no,no,no,no,no
220624_0003_3,1,array,no,no,no,no,no,no,no,no,no,no,no,no
220624_0004_3,1,array,no,no,no,no,no,no,no,no,no,no,no,no
220624_0005_3,1,array,no,no,no,no,no,no,no,no,no,no,no,no
220624_0006_3,1,array,no,no,no,no,no,no,no,no,no,no,no,no
220624_0007_3,1,array,no,no,no,no,no,no,no,no,no,no,no,no
220624_0008_3,1,array,no,no,no,no,no,no,no,no,no,no,no,no
220624_0009_3,1,array,no,no,no,no,no,no,no,no,no,no,no,no
220626_0001_3,1,array,no,no,no,no,no,no,no,no,no,no,no,no
220626_0002_3,1,array,no,no,no,no,no,no,no,no,no,no,no,no
220626_0003_3,1,array,no,no,no,no,no,no,no,no,no,no,no,no
220626_0004_3,1,array,no,no,no,no,no,no,no,no,no,no,no,no
220626_0005_3,1,array,no,no,no,no,no,no,no,no,no,no,no,no
220626_0006_3,1,array,no,no,no,no,no,no,no,no,no,no,no,no
220626_0007_3,1,array,no,no,no,no,no,no,no,no,no,no,no,no
220626_0008_3,1,array,no,no,no,no,no,no,no,no,no,no,no,no
220626_0009_3,1,array,no,no,no,no,no,no,no,no,no,no,no,no
220626_0010_3,1,array,no,no,no,no,no,no,no,no,no,no,no,no
220626_0011_3,1,array,no,no,no,no,no,no,no,no,no,no,no,no
220626_0012_3,1,array,no,no,no,no,no,no,no,no,no,no,no,no
220626_0013_3,1,array,no,no,no,no,no,no,no,no,no,no,no,no
220626_0014_3,1,array,no,no,no,no,no,no,no,no,no,no,no,no
220626_0015_3,1,array,no,no,no,no,no,no,no,no,no,no,no,no
220626_0016_3,1,array,no,no,no,no,no,no,no,no,no,no,no,no
220626_0017_3,1,array,no,no,no,no,no,no,no,no,no,no,no,no
220626_0018_3,1,array,no,no,no,no,no,no,no,no,no,no,no,no
220628_0001_3,1,array,no,no,no,no,no,no,no,no,no,no,no,no
220718_0001_3,1,array,no,no,no,no,no,no,no,no,no,no,no,no
220718_0002_3,1,array,no,no,no,no,no,no,no,no,no,no,no,no
220718_0003_3,1,array,no,no,no,no,no,no,no,no,no,no,no,no
220718_0004_3,1,array,no,no,no,no,no,no,no,no,no,no,no,no
220718_0005_3,1,array,no,no,no,no,no,no,no,no,no,no,no,no
220718_0006_3,1,array,no,no,no,no,no,no,no,no,no,no,no,no
220718_0007_3,1,array,no,no,no,no,no,no,no,no,no,no,no,no
220718_0008_3,1,array,no,no,no,no,no,no,no,no,no,no,no,no
220718_0009_3,1,array,no,no,no,no,no,no,no,no,no,no,no,no
220718_0010_3,1,array,no,no,no,no,no,no,no,no,no,no,no,no
220718_0011_3,1,array,no,no,no,no,no,no,no,no,no,no,no,no
220722_0001_3,1,array,no,no,no,no,no,no,no,no,no,no,no,no
220722_0002_3,1,array,no,no,no,no,no,no,no,no,no,no,no,no
220722_0003_3,1,array,no,no,no,no,no,no,no,no,no,no,no,no
220722_0004_3,1,array,no,no,no,no,no,no,no,no,no,no,no,no
220722_0005_3,1,array,no,no,no,no,no,no,no,no,no,no,no,no
220722_0006_3,1,array,no,no,no,no,no,no,no,no,no,no,no,no
220722_0007_3,1,array,no,no,no,no,no,no,no,no,no,no,no,no
220722_0008_3,1,array,no,no,no,no,no,no,no,no,no,no,no,no
220722_0009_3,1,array,no,no,no,no,no,no,no,no,no,no,no,no
220722_0010_3,1,array,no,no,no,no,no,no,no,no,no,no,no,no
220722_0011_3,1,array,no,no,no,no,no,no,no,no,no,no,no,no
220722_0012_3,1,array,no,no,no,no,no,no,no,no,no,no,no,no
220722_0013_3,1,array,no,no,no,no,no,no,no,no,no,no,no,no
220722_0014_3,1,array,no,no,no,no,no,no,no,no,no,no,no,no
220722_0015_3,1,array,no,no,no,no,no,no,no,no,no,no,no,no
220722_0016_3,1,array,no,no,no,no,no,no,no,no,no,no,no,no
220722_0017_3,1,array,no,no,no,no,no,no,no,no,no,no,no,no
220722_0018_3,1,array,no,no,no,no,no,no,no,no,no,no,no,no
220722_0019_3,1,array,no,no,no,no,no,no,no,no,no,no,no,no
220722_0020_3,1,array,no,no,no,no,no,no,no,no,no,no,no,no
220722_0021_3,1,array,no,no,no,no,no,no,no,no,no,no,no,no
220723_0001_3,1,array,no,no,no,no,no,no,no,no,no,no,no,no
220723_0002_3,1,array,no,no,no,no,no,no,no,no,no,no,no,no
220723_0003_3,1,array,no,no,no,no,no,no,no,no,no,no,no,no
220723_0004_3,1,array,no,no,no,no,no,no,no,no,no,no,no,no
220723_0005_3,1,array,no,no,no,no,no,no,no,no,no,no,no,no
220723_0006_3,1,array,no,no,no,no,no,no,no,no,no,no,no,no
220723_0007_3,1,array,no,no,no,no,no,no,no,no,no,no,no,no
220723_0008_3,1,array,no,no,no,no,no,no,no,no,no,no,no,no
220723_0009_3,1,array,no,no,no,no,no,no,no,no,no,no,no,no
220723_0010_3,1,array,no,no,no,no,no,no,no,no,no,no,no,no
220723_0011_3,1,array,no,no,no,no,no,no,no,no,no,no,no,no
220723_0012_3,1,array,no,no,no,no,no,no,no,no,no,no,no,no
220723_0013_3,1,array,no,no,no,no,no,no,no,no,no,no,no,no
220723_0014_3,1,array,no,no,no,no,no,no,no,no,no,no,no,no
220723_0015_3,1,array,no,no,no,no,no,no,no,no,no,no,no,no
220723_0016_3,1,array,no,no,no,no,no,no,no,no,no,no,no,no
220724_0001_3,1,array,no,no,no,no,no,no,no,no,no,no,no,no
220822_0001_3,1,array,no,no,no,no,no,no,no,no,no,no,no,no
220822_0002_3,1,array,no,no,no,no,no,no,no,no,no,no,no,no
220822_0003_3,1,array,no,no,no,no,no,no,no,no,no,no,no,no
220822_0004_3,1,array,no,no,no,no,no,no,no,no,no,no,no,no
220822_0005_3,1,array,no,no,no,no,no,no,no,no,no,no,no,no
220822_0006_3,1,array,no,no,no,no,no,no,no,no,no,no,no,no
220822_0007_3,1,array,no,no,no,no,no,no,no,no,no,no,no,no
220822_0008_3,1,array,no,no,no,no,no,no,no,no,no,no,no,no
ICE_20080621_115802,4,array,no,no,no,no,no,no,no,no,no,no,no,no
ICE_20080621_115826,4,array,no,no,no,no,no,no,no,no,no,no,no,no
ICE_20080621_120826,4,array,no,no,no,no,no,no,no,no,no,no,no,no
ICE_20080708_131106,4,array,no,no,no,no,no,no,no,no,no,no,no,no
ICE_20080708_131902,4,array,no,no,no,no,no,no,no,no,yes,no,yes,no
ICE_20080708_132352,4,array,no,no,no,no,no,no,no,no,no,no,no,no
ICE_20080708_132732,4,array,no,no,no,no,no,no,no,no,no,no,no,no
ICE_20080708_133732,4,array,no,no,no,no,no,no,no,no,no,no,no,no
ICE_20080708_134813,4,array,no,no,no,no,no,no,no,no,yes,no,yes,no
ICE_20080708_135813,4,array,no,no,no,no,no,no,no,no,no,no,no,no
ICE_20080708_140813,4,array,no,no,no,no,no,no,no,no,yes,no,yes,no
ICE_20080708_141813,4,array,no,no,no,no,no,no,no,no,yes,no,yes,no
ICE_20080708_142813,4,array,no,no,no,no,no,no,no,no,yes,no,yes,no
ICE_20080708_143813,4,array,no,no,no,no,no,no,no,no,yes,no,yes,no
ICE_20080708_144813,4,array,no,no,no,no,no,no,no,no,no,no,no,no
ICE_20080708_145400,4,array,no,no,no,no,no,no,no,no,no,no,no,no
ICE_20080709_132106,4,array,no,no,no,no,no,no,no,no,yes,no,yes,no
ICE_20080709_133106,4,array,no,no,no,no,no,no,no,no,yes,no,yes,no
ICE_20080709_134107,4,array,no,no,no,no,no,no,no,no,yes,no,yes,no
ICE_20080709_135704,4,array,no,no,no,no,no,no,no,no,no,no,no,no
ICE_20080709_140704,4,array,no,no,no,no,no,no,no,no,no,no,no,no
ICE_20080709_143015,4,array,no,no,no,no,no,no,no,no,yes,no,yes,no
ICE_20080709_144015,4,array,no,no,no,no,no,no,no,no,yes,no,yes,no
ICE_20080709_145256,4,array,no,no,no,no,no,no,no,no,yes,no,yes,no
ICE_20080709_150256,4,array,no,no,no,no,no,no,no,no,no,no,no,no
ICE_20080709_151004,4,array,no,no,no,no,no,no,no,no,yes,no,yes,no
ICE_20080709_152004,4,array,no,no,no,no,no,no,no,no,no,no,no,no
ICE_20080709_152449,4,array,no,no,no,no,no,no,no,no,no,no,no,no
ICE_20080709_153449,4,array,no,no,no,no,no,no,no,no,yes,no,yes,no
ICE_20080709_154449,4,array,no,no,no,no,no,no,no,no,no,no,no,no
ICE_20080716_142734,1,array,no,no,no,no,no,no,no,no,no,no,no,no
ICE_20080716_143734,1,array,no,no,no,no,no,no,no,no,no,no,no,no
ICE_20080716_144952,1,array,no,no,no,no,no,no,no,no,no,no,no,no
ICE_20080716_145952,1,array,no,no,no,no,no,no,no,no,no,no,no,no
ICE_20080716_150952,1,array,no,no,no,no,no,no,no,no,yes,no,yes,no
ICE_20080716_151952,1,array,no,no,no,no,no,no,no,no,no,no,no,no
ICE_20080716_152952,1,array,no,no,no,no,no,no,no,no,no,no,no,no
ICE_20080716_153756,1,array,no,no,no,no,no,no,no,no,no,no,no,no
ICE_20080716_154757,1,array,no,no,no,no,no,no,no,no,yes,no,yes,no
ICE_20080716_155757,1,array,no,no,no,no,no,no,no,no,no,no,no,no
ICE_20080716_160757,1,array,no,no,no,no,no,no,no,no,no,no,no,no
ICE_20080716_161757,1,array,no,no,no,no,no,no,no,no,no,no,no,no
ICE_20080716_165128,1,array,no,no,no,no,no,no,no,no,no,no,no,no
ICE_20080716_170128,1,array,no,no,no,no,no,no,no,no,no,no,no,no
ICE_20080716_171246,1,array,no,no,no,no,no,no,no,no,yes,no,yes,no
ICE_20080716_172246,1,array,no,no,no,no,no,no,no,no,no,no,no,no
ICE_20080716_173246,1,array,no,no,no,no,no,no,no,no,no,no,no,no
ICE_20080716_174246,1,array,no,no,no,no,no,no,no,no,no,no,no,no
ICE_20080716_181948,1,array,no,no,no,no,no,no,no,no,no,no,no,no
ICE_20080716_182948,1,array,no,no,no,no,no,no,no,no,no,no,no,no
ICE_20080716_183948,1,array,no,no,no,no,no,no,no,no,no,no,no,no
ICE_20080716_184948,1,array,no,no,no,no,no,no,no,no,no,no,no,no
ICE_20080716_190158,1,array,no,no,no,no,no,no,no,no,no,no,no,no
ICE_20080716_191158,1,array,no,no,no,no,no,no,no,no,no,no,no,no
ICE_20080716_191644,1,array,no,no,no,no,no,no,no,no,no,no,no,no
ICE_20080716_192644,1,array,no,no,no,no,no,no,no,no,no,no,no,no
ICE_20080717_104101,3,array,no,no,no,no,no,no,no,no,no,no,no,no
ICE_20080717_105101,3,array,no,no,no,no,no,no,no,no,no,no,no,no
ICE_20080717_105511,3,array,no,no,no,no,no,no,no,no,no,no,no,no
ICE_20080717_110511,3,array,no,no,no,no,no,no,no,no,no,no,no,no
ICE_20080717_111620,3,array,no,no,no,no,no,no,no,no,no,no,no,no
ICE_20080717_112620,3,array,no,no,no,no,no,no,no,no,no,no,no,no
ICE_20080717_113853,3,array,no,no,no,no,no,no,no,no,no,no,no,no
ICE_20080717_114853,3,array,no,no,no,no,no,no,no,no,no,no,no,no
ICE_20080717_115714,3,array,no,no,no,no,no,no,no,no,no,no,no,no
ICE_20080717_120714,3,array,no,no,no,no,no,no,no,no,no,no,no,no
ICE_20080717_121714,3,array,no,no,no,no,no,no,no,no,no,no,no,no
ICE_20080717_122834,3,array,no,no,no,no,no,no,no,no,yes,no,yes,no
ICE_20080717_123835,3,array,no,no,no,no,no,no,no,no,yes,no,yes,no
ICE_20080717_124835,3,array,no,no,no,no,no,no,no,no,yes,no,yes,no
ICE_20080718_110319,4,array,no,no,no,no,no,no,no,no,no,no,no,no
ICE_20080718_111446,4,array,no,no,no,no,no,no,no,no,no,no,no,no
ICE_20080718_112446,4,array,no,no,no,no,no,no,no,no,no,no,no,no
ICE_20080718_113446,4,array,no,no,no,no,no,no,no,no,no,no,no,no
ICE_20080718_114223,4,array,no,no,no,no,no,no,no,no,yes,no,yes,no
ICE_20080718_115223,4,array,no,no,no,no,no,no,no,no,yes,no,yes,no
ICE_20080718_120223,4,array,no,no,no,no,no,no,no,no,no,no,no,no
ICE_20080718_121337,4,array,no,no,no,no,no,no,no,no,yes,no,yes,no
ICE_20080718_122337,4,array,no,no,no,no,no,no,no,no,yes,no,yes,no
ICE_20080718_123337,4,array,no,no,no,no,no,no,no,no,yes,no,yes,no
ICE_20080718_124337,4,array,no,no,no,no,no,no,no,no,no,no,no,no
ICE_20080718_125337,4,array,no,no,no,no,no,no,no,no,no,no,no,no
ICE_20080718_130337,4,array,no,no,no,no,no,no,no,no,no,no,no,no
ICE_20080718_131338,4,array,no,no,no,no,no,no,no,no,yes,no,yes,no
ICE_20080718_132338,4,array,no,no,no,no,no,no,no,no,no,no,no,no
ICE_20080718_133233,4,array,no,no,no,no,no,no,no,no,yes,no,yes,no
ICE_20080718_134233,4,array,no,no,no,no,no,no,no,no,yes,no,yes,no
ICE_20080718_135233,4,array,no,no,no,no,no,no,no,no,yes,no,yes,no
ICE_20080718_140233,4,array,no,no,no,no,no,no,no,no,no,no,no,no
ICE_20080718_141233,4,array,no,no,no,no,no,no,no,no,no,no,no,no
ICE_20080718_142233,4,array,no,no,no,no,no,no,no,no,no,no,no,no
ICE_20080718_143233,4,array,no,no,no,no,no,no,no,no,yes,no,yes,no
ICE_20080718_144233,4,array,no,no,no,no,no,no,no,no,no,no,no,no
ICE_20080718_145233,4,array,no,no,no,no,no,no,no,no,no,no,no,no
ICE_20080718_150233,4,array,no,no,no,no,no,no,no,no,no,no,no,no
ICE_20080720_092718,1,array,no,no,no,no,no,no,no,no,yes,no,yes,no
ICE_20080720_093719,1,array,no,no,no,no,no,no,no,no,no,no,no,no
ICE_20080720_094719,1,array,no,no,no,no,no,no,no,no,yes,no,yes,no
ICE_20080720_095719,1,array,no,no,no,no,no,no,no,no,yes,no,yes,no
ICE_20080720_100719,1,array,no,no,no,no,no,no,no,no,no,no,no,no
ICE_20080720_101719,1,array,no,no,no,no,no,no,no,no,no,no,no,no
ICE_20080720_102719,1,array,no,no,no,no,no,no,no,no,no,no,no,no
ICE_20080720_103734,1,array,no,no,no,no,no,no,no,no,no,no,no,no
ICE_20080720_104734,1,array,no,no,no,no,no,no,no,no,yes,no,yes,no
ICE_20080720_105734,1,array,no,no,no,no,no,no,no,no,no,no,no,no
ICE_20080720_110501,1,array,no,no,no,no,no,no,no,no,no,no,no,no
ICE_20080720_111501,1,array,no,no,no,no,no,no,no,no,no,no,no,no
ICE_20080720_113119,1,array,no,no,no,no,no,no,no,no,no,no,no,no
ICE_20080720_114119,1,array,no,no,no,no,no,no,no,no,no,no,no,no
ICE_20080720_114841,1,array,no,no,no,no,no,no,no,no,yes,no,yes,no
ICE_20080720_115841,1,array,no,no,no,no,no,no,no,no,no,no,no,no
ICE_20080720_121213,1,array,no,no,no,no,no,no,no,no,yes,no,yes,no
ICE_20080720_122213,1,array,no,no,no,no,no,no,no,no,no,no,no,no
ICE_20080720_123232,1,array,no,no,no,no,no,no,no,no,no,no,no,no
ICE_20080720_124233,1,array,no,no,no,no,no,no,no,no,no,no,no,no
ICE_20080720_125507,1,array,no,no,no,no,no,no,no,no,no,no,no,no
ICE_20080720_130507,1,array,no,no,no,no,no,no,no,no,no,no,no,no
ICE_20080720_131507,1,array,no,no,no,no,no,no,no,no,no,no,no,no
oo09_194a011,1,tag,no,yes,yes,no,yes,yes,yes,no,yes,yes,yes,no
oo09_194a012,1,tag,no,yes,yes,yes,yes,yes,no,no,yes,yes,yes,no
oo09_194a013,1,tag,no,no,yes,no,yes,yes,no,no,yes,no,yes,no
oo09_194a014,1,tag,no,yes,yes,no,yes,yes,no,no,yes,no,yes,no
oo09_194a021,1,tag,no,no,yes,yes,yes,yes,no,no,yes,yes,yes,no
oo09_194a022,1,tag,no,yes,yes,no,yes,yes,yes,no,yes,yes,yes,no
oo09_194a023,1,tag,no,no,yes,no,yes,yes,no,no,yes,yes,yes,no
oo09_194a024,1,tag,no,no,yes,no,yes,yes,no,no,yes,no,yes,no
oo09_194a031,1,tag,no,no,no,no,no,no,no,no,no,no,no,no
oo09_200a011,1,tag,no,yes,yes,yes,yes,yes,no,no,yes,no,yes,no
oo09_200a012,1,tag,no,no,yes,yes,yes,yes,no,no,yes,no,yes,no
oo09_200a013,1,tag,no,no,yes,no,yes,yes,no,no,yes,no,yes,no
oo09_200a014,1,tag,no,yes,yes,no,no,yes,no,no,yes,no,yes,no
oo09_200a021,1,tag,yes,yes,yes,no,yes,yes,yes,no,yes,yes,yes,no
oo09_200a022,1,tag,no,yes,yes,no,yes,yes,no,no,yes,yes,yes,no
oo09_200a023,1,tag,no,yes,yes,no,yes,yes,no,no,yes,yes,yes,no
oo09_200a024,1,tag,no,yes,yes,no,yes,yes,no,no,yes,yes,yes,no
oo09_200a031,1,tag,no,yes,yes,no,yes,yes,no,no,yes,yes,yes,no
oo09_200a032,1,tag,no,yes,yes,no,yes,yes,no,no,yes,yes,yes,yes
oo09_200a033,1,tag,no,yes,yes,no,yes,yes,no,no,yes,yes,yes,no
oo09_200a034,1,tag,no,yes,yes,yes,yes,yes,no,no,yes,yes,yes,no
oo09_200a041,1,tag,no,yes,yes,no,no,yes,no,no,yes,yes,yes,no
oo09_200a042,1,tag,no,no,no,no,no,yes,no,no,yes,no,yes,no
oo09_200a043,1,tag,no,no,no,no,no,yes,no,no,no,no,yes,no
oo09_201a011,1,tag,no,no,yes,no,no,yes,no,no,yes,no,yes,no
oo09_201a012,1,tag,yes,yes,yes,yes,yes,yes,yes,no,yes,yes,yes,no
oo09_201a013,1,tag,no,no,yes,no,yes,yes,no,no,yes,yes,yes,no
oo09_201a014,1,tag,no,yes,yes,no,yes,yes,no,no,yes,yes,yes,no
oo09_201a021,1,tag,no,yes,yes,yes,yes,yes,no,no,yes,yes,yes,no
oo09_201a022,1,tag,no,no,no,no,no,no,no,no,no,no,no,no
oo09_209a011,1,tag,no,no,yes,no,yes,yes,no,no,yes,no,yes,no
oo09_209a012,1,tag,no,no,no,no,no,yes,no,no,no,no,yes,no
oo09_209a013,1,tag,yes,no,yes,no,yes,yes,yes,no,yes,no,yes,no
oo13_068a001,1,tag,yes,yes,no,yes,yes,yes,no,no,yes,yes,yes,yes
oo13_071a001,1,tag,yes,yes,no,yes,yes,yes,no,no,yes,yes,yes,yes
oo13_071a002,1,tag,yes,yes,yes,yes,yes,yes,no,no,yes,yes,yes,yes
oo13_071a003,1,tag,yes,yes,no,no,no,yes,no,no,no,no,yes,no
oo13_072a001,1,tag,yes,yes,no,yes,yes,yes,no,no,yes,yes,yes,yes
oo13_072a002,1,tag,yes,yes,no,yes,yes,yes,yes,no,yes,yes,yes,yes
oo13_072a003,1,tag,yes,yes,no,no,yes,yes,yes,no,yes,yes,yes,yes
oo14_048a011,1,tag,no,no,no,no,no,no,no,no,no,no,no,no
oo14_048a012,1,tag,no,no,no,no,no,no,no,no,no,no,no,no
oo14_048a013,1,tag,no,no,no,yes,no,yes,no,no,yes,yes,yes,no
oo14_048a014,1,tag,no,no,no,no,no,no,no,no,no,no,no,no
oo14_048a021,1,tag,no,no,no,no,no,no,no,no,no,no,no,no
oo14_048a022,1,tag,no,no,no,no,no,no,no,no,no,no,no,no
oo14_048a023,1,tag,no,no,no,no,no,no,no,no,no,no,no,no
oo14_048a024,1,tag,no,no,no,no,no,no,no,no,no,no,no,no
oo14_048a031,1,tag,no,no,no,no,no,no,no,no,no,no,no,no
oo14_048a032,1,tag,no,no,no,no,no,no,no,no,yes,no,yes,no
oo14_048a033,1,tag,no,no,no,no,no,no,no,no,yes,no,yes,no
oo14_048a034,1,tag,no,no,no,no,no,no,no,no,no,no,no,no
oo14_048a041,1,tag,no,no,no,no,no,no,no,no,no,no,no,no
oo14_048a042,1,tag,no,no,no,no,no,no,no,no,no,no,no,no
oo14_048a043,1,tag,no,no,no,no,no,no,no,no,no,no,no,no
oo21_175a001,1,tag,no,yes,yes,yes,no,yes,no,no,yes,yes,yes,no
oo21_175a002,1,tag,no,no,no,no,no,yes,yes,no,yes,no,yes,no
oo21_175a003,1,tag,no,no,no,no,no,yes,no,no,yes,no,yes,no
oo21_175a004,1,tag,no,no,no,no,no,yes,no,no,no,no,yes,no
oo21_175a007,1,tag,no,yes,yes,no,no,yes,no,no,yes,yes,yes,no
oo21_175a008,1,tag,no,yes,yes,no,yes,yes,yes,no,yes,no,yes,yes
oo21_175a009,1,tag,no,no,no,no,no,no,no,no,yes,no,yes,no
oo21_175a010,1,tag,no,yes,yes,no,no,yes,no,no,yes,yes,yes,no
oo21_175a012,1,tag,no,no,yes,no,no,yes,no,no,yes,no,yes,yes
oo21_175a013,1,tag,no,yes,yes,yes,no,yes,yes,yes,yes,yes,yes,no
oo21_175a014,1,tag,no,no,no,no,no,yes,no,no,yes,no,yes,no
oo21_175a015,1,tag,no,no,yes,no,no,yes,no,no,yes,no,yes,no
oo21_182a001,1,tag,no,yes,yes,no,no,yes,no,yes,yes,yes,yes,no
oo21_182a002,1,tag,no,no,no,no,no,no,no,no,yes,no,yes,no
oo21_182a003,1,tag,no,no,no,no,no,no,no,no,yes,no,yes,no
oo21_182a004,1,tag,no,no,no,no,no,yes,no,no,no,no,yes,no
oo21_183a001,1,tag,no,yes,yes,yes,no,yes,no,yes,yes,yes,yes,no
oo21_183a002,1,tag,no,yes,yes,no,no,yes,no,yes,yes,yes,yes,no
oo21_183a003,1,tag,no,yes,yes,yes,no,yes,yes,yes,yes,yes,yes,no
oo21_183a004,1,tag,no,yes,yes,no,no,no,no,yes,yes,yes,yes,no
oo21_183a005,1,tag,no,yes,yes,yes,no,yes,no,yes,yes,yes,yes,no
oo21_183a006,1,tag,no,no,no,yes,no,no,no,no,yes,no,yes,no
oo21_183a007,1,tag,no,yes,yes,no,no,yes,no,yes,yes,yes,yes,no
oo21_183a008,1,tag,no,no,no,no,no,no,no,no,yes,no,yes,no
oo21_183a009,1,tag,no,no,no,no,no,no,no,no,yes,no,yes,no
oo21_183a010,1,tag,no,no,no,no,no,yes,no,no,yes,no,yes,no
oo21_184a002,1,tag,no,yes,yes,yes,no,yes,no,no,yes,yes,yes,no
oo21_184a003,1,tag,no,yes,yes,no,no,yes,no,no,yes,yes,yes,no
oo21_184a004,1,tag,no,no,yes,no,no,yes,no,no,yes,no,yes,no
oo21_184a005,1,tag,no,no,yes,no,no,yes,no,no,yes,no,yes,no
oo21_184a018,1,tag,no,yes,yes,no,no,no,no,yes,no,yes,yes,no
oo21_184a019,1,tag,no,yes,yes,yes,no,yes,no,yes,no,yes,yes,no
oo21_184a020,1,tag,no,no,no,no,no,yes,no,no,no,no,yes,no
oo21_186a001,1,tag,no,yes,yes,yes,no,yes,no,yes,yes,yes,yes,no
oo21_186a002,1,tag,no,yes,yes,no,no,yes,no,yes,yes,yes,yes,no
oo21_186a003,1,tag,no,no,yes,no,no,yes,no,no,yes,no,yes,no
oo21_186a004,1,tag,no,no,no,no,no,yes,yes,no,yes,no,yes,no
oo21_186a005,1,tag,no,yes,yes,yes,no,yes,no,yes,yes,yes,yes,no
oo21_186a006,1,tag,no,yes,yes,yes,no,yes,no,yes,yes,yes,yes,no
oo21_186a007,1,tag,no,yes,yes,yes,no,yes,no,yes,yes,yes,yes,no
oo21_186a008,1,tag,no,yes,yes,yes,no,yes,no,yes,yes,yes,yes,no
oo21_188a001,1,tag,no,yes,yes,no,yes,yes,no,no,yes,yes,yes,yes
oo21_189a008,1,tag,yes,yes,yes,no,no,yes,no,yes,yes,yes,yes,no
oo21_189a009,1,tag,no,no,no,no,no,yes,no,no,yes,no,yes,no
oo21_189a010,1,tag,no,no,no,no,no,yes,no,no,yes,no,yes,no
oo21_189a019,1,tag,no,no,no,no,no,no,no,no,no,no,no,no
oo21_189a020,1,tag,no,no,no,no,no,no,no,no,no,no,no,no
oo21_189a022,1,tag,no,no,no,no,no,no,no,no,no,no,no,no
oo21_189a023,1,tag,no,no,no,no,no,no,no,no,no,no,no,no
oo21_189a024,1,tag,no,no,no,no,no,no,no,no,no,no,no,no
oo21_189a025,1,tag,no,no,no,no,no,no,no,no,no,no,no,no
oo21_199a001,1,tag,no,no,no,no,no,yes,no,no,yes,no,yes,no
oo21_199a002,1,tag,no,yes,yes,yes,no,yes,no,yes,yes,yes,yes,no
oo21_199a003,1,tag,no,yes,yes,yes,no,yes,no,yes,yes,yes,yes,no
oo21_199a004,1,tag,no,yes,yes,yes,no,yes,no,yes,yes,yes,yes,no
oo21_199a005,1,tag,no,yes,yes,yes,no,yes,no,yes,yes,yes,yes,no
oo21_199a006,1,tag,no,no,no,no,no,yes,no,no,yes,no,yes,no
oo21_199a007,1,tag,no,yes,yes,yes,no,no,no,no,yes,yes,yes,no
oo21_199a008,1,tag,no,no,no,no,no,no,no,no,no,no,no,no
oo21_199a018,1,tag,no,no,no,no,no,no,no,no,no,no,no,no
oo21_199a019,1,tag,no,no,no,no,no,no,no,no,no,no,no,no
oo21_202b003,1,tag,no,yes,yes,no,no,yes,no,yes,yes,yes,yes,no
oo21_202b004,1,tag,yes,yes,yes,no,no,yes,yes,yes,yes,yes,yes,no
oo21_202b005,1,tag,no,no,yes,yes,no,no,no,no,yes,yes,yes,no
oo21_202b006,1,tag,no,no,no,yes,no,yes,no,no,yes,no,yes,no
oo22_166a001,1,tag,no,yes,yes,yes,no,yes,no,yes,yes,yes,yes,no
oo22_166a002,1,tag,no,yes,no,yes,no,no,no,no,yes,yes,yes,no
oo22_166a003,1,tag,no,yes,yes,yes,no,yes,no,yes,yes,yes,yes,no
oo22_166a004,1,tag,no,yes,yes,yes,no,yes,no,yes,yes,yes,yes,no
oo22_166a005,1,tag,no,yes,no,yes,no,yes,no,no,yes,yes,yes,no
oo22_166a006,1,tag,no,no,no,no,no,no,no,no,no,no,no,no
oo22_166a007,1,tag,no,no,no,no,no,no,no,no,no,no,no,no
oo22_166a008,1,tag,no,no,no,no,no,no,no,no,no,no,no,no
oo22_170a001,1,tag,no,yes,yes,yes,no,yes,no,yes,yes,yes,yes,no
oo22_170a002,1,tag,no,yes,yes,no,no,no,no,yes,yes,yes,yes,no
oo22_170a003,1,tag,no,no,no,no,no,no,no,no,no,yes,yes,no
oo22_170a004,1,tag,no,no,no,yes,no,yes,no,no,yes,yes,yes,no
oo22_170a005,1,tag,no,no,no,no,no,no,no,no,no,no,no,no
oo22_170a006,1,tag,no,no,no,no,no,no,no,no,no,no,no,no
oo22_170a007,1,tag,no,no,no,no,no,no,no,no,no,no,no,no
oo22_170a008,1,tag,no,no,yes,no,no,no,no,no,yes,yes,yes,no
oo22_170a009,1,tag,no,yes,yes,no,no,yes,no,yes,yes,yes,yes,no
oo22_170a010,1,tag,no,yes,yes,no,no,yes,no,no,yes,yes,yes,no
oo22_170a011,1,tag,no,no,no,yes,no,yes,yes,no,yes,no,yes,no
oo22_170a012,1,tag,no,no,no,no,no,no,no,no,no,no,no,no
oo22_170a013,1,tag,no,no,no,no,no,no,no,no,yes,no,yes,no
oo22_170a014,1,tag,no,no,no,no,no,yes,no,no,yes,no,yes,no
oo22_170a015,1,tag,no,no,no,no,no,no,no,no,yes,no,yes,no
oo22_170a016,1,tag,no,no,no,no,no,yes,no,no,yes,no,yes,no
oo22_170a017,1,tag,no,no,no,no,no,no,no,no,no,no,no,no
oo22_170a018,1,tag,no,no,no,no,no,no,no,no,no,no,no,no
oo22_170a019,1,tag,no,no,no,no,no,no,no,no,no,no,no,no
oo22_170a020,1,tag,no,no,no,no,no,no,no,no,no,no,no,no
oo22_171a001,1,tag,no,yes,yes,yes,no,yes,yes,yes,yes,yes,yes,no
oo22_171a002,1,tag,no,no,yes,yes,no,yes,no,no,yes,yes,yes,no
oo22_171a003,1,tag,no,no,no,no,no,yes,no,no,yes,no,yes,no
oo22_171a004,1,tag,no,yes,no,yes,no,no,no,no,yes,yes,yes,no
oo22_171a005,1,tag,no,yes,no,yes,no,yes,no,no,yes,yes,yes,no
oo22_171a006,1,tag,no,yes,no,no,no,yes,no,no,yes,no,yes,no
oo22_171a007,1,tag,no,no,no,no,no,no,no,no,no,no,no,no
oo22_171a008,1,tag,no,no,no,no,no,no,no,no,no,no,no,no
oo22_195a001,1,tag,no,no,no,no,no,no,no,no,no,no,no,no
oo22_195a002,1,tag,no,no,no,no,no,no,no,no,no,no,no,no
oo22_195a003,1,tag,no,no,no,no,no,no,no,no,no,no,no,no
oo22_195a004,1,tag,no,no,no,no,no,no,no,no,no,no,no,no
oo22_195a005,1,tag,no,no,no,no,no,no,no,no,no,no,no,no
oo22_195a006,1,tag,no,no,no,no,no,no,no,no,no,no,no,no
oo22_195a007,1,tag,no,no,no,no,no,no,no,no,no,no,no,no
oo22_195a008,1,tag,no,no,no,no,no,no,no,no,no,no,no,no
oo22_195a009,1,tag,no,no,no,no,no,no,no,no,no,no,no,no
oo22_195a010,1,tag,no,no,no,no,no,no,no,no,no,no,no,no
oo22_195a011,1,tag,no,no,no,no,no,no,no,no,no,no,no,no
oo22_195a012,1,tag,no,no,no,no,no,no,no,no,no,no,no,no
oo22_195a013,1,tag,no,no,no,no,no,no,no,no,no,no,no,no
oo22_195a014,1,tag,no,no,no,no,no,no,no,no,no,no,no,no
oo22_195a015,1,tag,no,no,no,no,no,no,no,no,no,no,no,no
oo22_195a016,1,tag,no,no,no,no,no,no,no,no,no,no,no,no
oo22_195a017,1,tag,no,no,no,no,no,no,no,no,no,no,no,no
oo22_195a018,1,tag,no,no,no,no,no,no,no,no,no,no,no,no
oo22_228a001,1,tag,no,yes,yes,yes,no,yes,no,yes,yes,yes,yes,no
oo22_228a002,1,tag,no,no,yes,yes,no,no,no,no,yes,yes,yes,no
oo22_228a003,1,tag,no,no,no,no,no,yes,no,no,no,no,yes,no
oo22_228a004,1,tag,no,no,no,no,no,no,no,no,no,no,no,no
oo22_228a005,1,tag,no,no,no,no,no,yes,no,no,no,no,yes,no
oo22_228a006,1,tag,no,no,no,no,no,no,no,no,no,no,no,no
oo23_181a092,1,tag,no,no,no,no,no,no,no,no,no,no,no,no
oo23_181a093,1,tag,no,no,no,no,no,no,no,no,no,no,no,no
oo23_181a094,1,tag,no,no,no,no,no,no,no,no,yes,yes,yes,no
oo23_181a095,1,tag,no,no,no,yes,no,no,no,no,yes,yes,yes,no
oo23_181a096,1,tag,no,no,no,yes,no,no,no,no,yes,yes,yes,no
oo23_181a097,1,tag,no,no,no,no,no,no,no,no,no,no,no,no
oo23_181a098,1,tag,no,no,no,no,no,no,no,no,yes,no,yes,no
oo23_181a099,1,tag,no,no,no,no,no,no,no,no,yes,no,yes,no
oo23_181a100,1,tag,no,no,no,no,no,no,no,no,no,no,no,no
oo23_181a101,1,tag,no,no,no,no,no,no,no,no,no,no,no,no
oo23_181a102,1,tag,no,no,no,no,no,no,no,no,no,no,no,no
oo23_181a103,1,tag,no,no,no,no,no,no,no,no,no,no,no,no
oo23_181a104,1,tag,no,no,no,no,no,no,no,no,yes,no,yes,no
oo23_181a105,1,tag,no,no,no,no,no,no,no,no,no,no,no,no
oo23_181a106,1,tag,no,no,no,no,no,no,no,no,no,no,no,no
oo23_181a107,1,tag,no,no,no,no,no,no,no,no,yes,no,yes,no
oo23_181a108,1,tag,no,no,no,no,no,no,no,no,yes,no,yes,no
oo23_181a109,1,tag,no,no,no,no,no,no,no,no,yes,no,yes,no
oo23_181a110,1,tag,no,no,no,yes,no,no,no,no,yes,yes,yes,no
oo23_181a111,1,tag,no,no,no,yes,no,no,no,no,yes,yes,yes,no
oo23_181a112,1,tag,no,no,no,yes,no,no,no,no,yes,yes,yes,no
oo23_181a113,1,tag,no,no,no,yes,no,no,no,no,yes,yes,yes,no
oo23_181a114,1,tag,no,no,no,yes,no,no,no,no,yes,yes,yes,no
oo23_181a115,1,tag,no,no,no,no,no,no,no,no,yes,no,yes,no
oo23_181a116,1,tag,no,no,no,no,no,no,no,no,yes,no,yes,no
oo23_181a117,1,tag,no,no,no,no,no,no,no,no,yes,no,yes,no
oo23_181a118,1,tag,no,no,no,no,no,no,no,no,no,no,no,no
oo23_181a119,1,tag,no,no,no,no,no,no,no,no,no,no,no,no
oo23_181a120,1,tag,no,no,no,no,no,no,no,no,no,no,no,no
oo23_181a121,1,tag,no,no,no,no,no,no,no,no,no,no,no,no
oo23_181a122,1,tag,no,no,no,no,no,no,no,no,no,no,no,no
oo23_181a123,1,tag,no,no,no,no,no,no,no,no,no,no,no,no
oo23_181a124,1,tag,no,no,no,no,no,no,no,no,no,no,no,no
oo23_181b001,1,tag,no,no,no,yes,no,no,no,no,yes,yes,yes,no
oo23_181b002,1,tag,no,no,no,yes,no,no,no,no,yes,yes,yes,no
oo23_181b003,1,tag,no,no,no,yes,no,no,no,no,yes,yes,yes,no
oo23_181b004,1,tag,no,no,no,no,no,no,no,no,yes,no,yes,no
oo23_181b005,1,tag,no,no,no,no,no,no,no,no,yes,no,yes,no
oo23_181b006,1,tag,no,no,no,no,no,no,no,no,yes,no,yes,no
oo23_181b007,1,tag,no,no,no,no,no,no,no,no,no,no,no,no
oo23_181b008,1,tag,no,no,no,no,no,no,no,no,no,no,no,no
oo23_181b009,1,tag,no,no,no,no,no,no,no,no,no,no,no,no
oo23_181b010,1,tag,no,no,no,no,no,no,no,no,no,no,no,no
oo23_181b011,1,tag,no,no,no,no,no,no,no,no,yes,no,yes,no
oo23_181b012,1,tag,no,no,no,no,no,no,no,no,yes,no,yes,no
oo23_181b013,1,tag,no,no,no,no,no,no,no,no,yes,no,yes,no
oo23_181b014,1,tag,no,no,no,no,no,no,no,no,yes,no,yes,no
oo23_181b015,1,tag,no,no,no,no,no,no,no,no,yes,no,yes,no
oo23_181b016,1,tag,no,no,no,yes,no,no,no,no,yes,yes,yes,no
oo23_181b017,1,tag,no,no,no,yes,no,no,no,no,yes,yes,yes,no
oo23_181b018,1,tag,no,no,no,no,no,no,no,no,yes,no,yes,no
oo23_181b019,1,tag,no,no,no,no,no,no,no,no,yes,no,yes,no
oo23_181b020,1,tag,no,no,no,no,no,no,no,no,yes,no,yes,no
oo23_181b021,1,tag,no,no,no,no,no,no,no,no,yes,yes,yes,no
oo23_181b022,1,tag,no,no,no,yes,no,no,no,no,yes,yes,yes,no
oo23_181b023,1,tag,no,no,no,no,no,no,no,no,yes,yes,yes,no
oo23_184a001,1,tag,no,no,no,no,no,no,no,no,no,no,no,no
oo23_184a002,1,tag,no,no,no,no,no,no,no,no,no,no,no,no
oo23_184a003,1,tag,no,no,no,no,no,no,no,no,no,no,no,no
oo23_184a004,1,tag,no,no,no,no,no,no,no,no,no,no,no,no
oo23_184a005,1,tag,no,no,no,no,no,no,no,no,no,no,no,no
oo23_184a006,1,tag,no,no,no,no,no,no,no,no,no,no,no,no
oo23_184a007,1,tag,no,no,no,no,no,no,no,no,no,no,no,no
oo23_184a008,1,tag,no,no,no,no,no,no,no,no,no,no,no,no
oo23_184a009,1,tag,no,no,no,no,no,no,no,no,no,no,no,no
oo23_184a010,1,tag,no,no,no,no,no,no,no,no,no,no,no,no
oo23_184a011,1,tag,no,no,no,no,no,no,no,no,no,no,no,no
oo23_184a012,1,tag,no,no,no,no,no,no,no,no,no,no,no,no
oo23_184a013,1,tag,no,no,no,no,no,no,no,no,no,no,no,no
oo23_184a014,1,tag,no,no,no,no,no,no,no,no,no,no,no,no
oo23_184a015,1,tag,no,no,no,no,no,no,no,no,no,no,no,no
oo23_184a016,1,tag,no,no,no,no,no,no,no,no,no,no,no,no
oo23_184a017,1,tag,no,no,no,no,no,no,no,no,no,no,no,no
oo23_184a018,1,tag,no,no,no,no,no,no,no,no,no,no,no,no
oo23_184a019,1,tag,no,no,no,no,no,no,no,no,no,no,no,no
oo23_184a020,1,tag,no,no,no,no,no,no,no,no,no,no,no,no
oo23_184a021,1,tag,no,no,no,no,no,no,no,no,no,no,no,no
oo23_184a022,1,tag,no,no,no,no,no,no,no,no,no,no,no,no
oo23_184a023,1,tag,no,no,no,no,no,no,no,no,no,no,no,no
oo23_184a024,1,tag,no,no,no,no,no,no,no,no,no,no,no,no
oo23_184a025,1,tag,no,no,no,no,no,no,no,no,no,no,no,no
oo23_184a026,1,tag,no,no,no,no,no,no,no,no,no,no,no,no
oo23_184a027,1,tag,no,no,no,no,no,no,no,no,no,no,no,no
oo23_188a092,1,tag,no,no,no,yes,no,no,no,no,yes,yes,yes,no
oo23_188a093,1,tag,no,no,no,yes,no,no,no,no,yes,yes,yes,no
oo23_188a094,1,tag,no,no,no,yes,no,no,no,no,yes,yes,yes,no
oo23_188a095,1,tag,no,no,no,no,no,no,no,no,yes,yes,yes,no
oo23_188a096,1,tag,no,no,no,no,no,no,no,no,yes,yes,yes,no
oo23_188a097,1,tag,no,no,no,no,no,no,no,no,no,no,no,no
oo23_188a098,1,tag,no,no,no,no,no,no,no,no,no,no,no,no
oo23_188a099,1,tag,no,no,no,no,no,no,no,no,no,no,no,no
oo23_188a100,1,tag,no,no,no,no,no,no,no,no,no,no,no,no
oo23_188a101,1,tag,no,no,no,no,no,no,no,no,yes,no,yes,no
oo23_188a102,1,tag,no,no,no,no,no,no,no,no,yes,no,yes,no
oo23_188a103,1,tag,no,no,no,no,no,no,no,no,yes,no,yes,no
oo23_188a104,1,tag,no,no,no,no,no,no,no,no,yes,no,yes,no
oo23_188a105,1,tag,no,no,no,yes,no,no,no,no,yes,yes,yes,no
oo23_188a106,1,tag,no,no,no,yes,no,no,no,no,yes,yes,yes,no
oo23_188a107,1,tag,no,no,no,yes,no,no,no,no,yes,yes,yes,no
oo23_188a108,1,tag,no,no,no,yes,no,yes,no,no,yes,yes,yes,no
oo23_188a109,1,tag,no,no,no,no,no,no,no,no,yes,no,yes,no
oo23_188a110,1,tag,no,no,no,yes,no,no,no,no,yes,yes,yes,no
oo23_188a111,1,tag,no,no,no,yes,no,no,no,no,yes,yes,yes,no
oo23_188a112,1,tag,no,no,no,no,no,no,no,no,no,no,no,no
oo23_188b001,1,tag,no,no,no,no,no,no,no,no,no,no,no,no
oo23_188b002,1,tag,no,no,no,no,no,no,no,no,no,no,no,no
oo23_188b003,1,tag,no,no,no,no,no,no,no,no,no,no,no,no
oo23_188b004,1,tag,no,no,no,no,no,no,no,no,no,no,no,no
oo23_188b005,1,tag,no,no,no,no,no,no,no,no,no,no,no,no
oo23_188b006,1,tag,no,no,no,no,no,no,no,no,no,no,no,no
oo23_188b007,1,tag,no,no,no,no,no,no,no,no,no,no,no,no
oo23_188b008,1,tag,no,no,no,no,no,no,no,no,no,no,no,no
oo23_188b009,1,tag,no,no,no,no,no,no,no,no,no,no,no,no
oo23_188b010,1,tag,no,no,no,no,no,no,no,no,no,no,no,no
oo23_188b011,1,tag,no,no,no,no,no,no,no,no,no,no,no,no
oo23_188b012,1,tag,no,no,no,no,no,no,no,no,no,no,no,no
oo23_188b013,1,tag,no,no,no,no,no,no,no,no,no,no,no,no
oo23_188b014,1,tag,no,no,no,no,no,no,no,no,no,no,no,no
oo23_188b015,1,tag,no,no,no,no,no,no,no,no,no,no,no,no
oo23_188b016,1,tag,no,no,no,no,no,no,no,no,no,no,no,no
oo23_188b017,1,tag,no,no,no,no,no,no,no,no,no,no,no,no
oo23_188b018,1,tag,no,no,no,no,no,no,no,no,no,no,no,no
oo23_188b019,1,tag,no,no,no,no,no,no,no,no,no,no,no,no
oo23_188b020,1,tag,no,no,no,no,no,no,no,no,no,no,no,no
oo23_188b021,1,tag,no,no,no,no,no,no,no,no,no,no,no,no
oo23_191a092,1,tag,no,no,no,no,no,no,no,no,no,no,no,no
oo23_191a093,1,tag,no,no,no,no,no,no,no,no,no,no,no,no
oo23_191a094,1,tag,no,no,no,no,no,no,no,no,no,no,no,no
oo23_191a095,1,tag,no,no,no,no,no,no,no,no,no,no,no,no
oo23_191a096,1,tag,no,no,no,no,no,no,no,no,no,no,no,no
oo23_191a097,1,tag,no,no,no,no,no,no,no,no,no,no,no,no
oo23_191a098,1,tag,no,no,no,no,no,no,no,no,no,no,no,no
oo23_191a099,1,tag,no,no,no,no,no,no,no,no,no,no,no,no
oo23_191a100,1,tag,no,no,no,no,no,no,no,no,no,no,no,no
oo23_191a101,1,tag,no,no,no,no,no,no,no,no,no,no,no,no
oo23_191a102,1,tag,no,no,no,no,no,no,no,no,no,no,no,no
oo23_191a103,1,tag,no,no,no,no,no,no,no,no,no,no,no,no
oo23_191a104,1,tag,no,no,no,no,no,no,no,no,no,no,no,no
oo23_191a105,1,tag,no,no,no,no,no,no,no,no,no,no,no,no
oo23_191a106,1,tag,no,no,no,no,no,no,no,no,no,no,no,no
oo23_191a107,1,tag,no,no,no,no,no,no,no,no,no,no,no,no
oo23_191a108,1,tag,no,no,no,no,no,no,no,no,no,no,no,no
oo23_191a109,1,tag,no,no,no,no,no,no,no,no,no,no,no,no
oo23_191a110,1,tag,no,no,no,no,no,no,no,no,no,no,no,no
oo23_191a111,1,tag,no,no,no,no,no,no,no,no,no,no,no,no
oo23_191a112,1,tag,no,no,no,no,no,no,no,no,no,no,no,no
oo23_191a113,1,tag,no,no,no,no,no,no,no,no,no,no,no,no
oo23_191a114,1,tag,no,no,no,no,no,no,no,no,no,no,no,no
oo23_191a115,1,tag,no,no,no,no,no,no,no,no,no,no,no,no
oo23_191b001,1,tag,no,no,no,no,no,no,no,no,no,no,no,no
oo23_191b002,1,tag,no,no,no,no,no,no,no,no,no,no,no,no
oo23_191b003,1,tag,no,no,no,no,no,no,no,no,no,no,no,no
oo23_191b004,1,tag,no,no,no,no,no,no,no,no,no,no,no,no
oo23_191b005,1,tag,no,no,no,no,no,no,no,no,no,no,no,no
oo23_191b006,1,tag,no,no,no,no,no,no,no,no,no,no,no,no
oo23_191b007,1,tag,no,no,no,no,no,no,no,no,no,no,no,no
oo23_191b008,1,tag,no,no,no,no,no,no,no,no,no,no,no,no
oo23_191b009,1,tag,no,no,no,no,no,no,no,no,no,no,no,no
oo23_191b010,1,tag,no,no,no,no,no,no,no,no,no,no,no,no
oo23_191b011,1,tag,no,no,no,no,no,no,no,no,no,no,no,no
oo23_191b012,1,tag,no,no,no,no,no,no,no,no,no,no,no,no
oo23_191b013,1,tag,no,no,no,no,no,no,no,no,no,no,no,no
oo23_191b014,1,tag,no,no,no,no,no,no,no,no,no,no,no,no
oo23_191b015,1,tag,no,no,no,no,no,no,no,no,no,no,no,no
oo23_191b016,1,tag,no,no,no,no,no,no,no,no,no,no,no,no
oo23_191b017,1,tag,no,no,no,no,no,no,no,no,no,no,no,no
oo23_191b018,1,tag,no,no,no,no,no,no,no,no,no,no,no,no
oo23_191b019,1,tag,no,no,no,no,no,no,no,no,no,no,no,no
oo23_191b020,1,tag,no,no,no,no,no,no,no,no,no,no,no,no
oo23_191b021,1,tag,no,no,no,no,no,no,no,no,no,no,no,no
oo23_196a001,1,tag,no,no,no,no,no,no,no,no,no,no,no,no
oo23_196a002,1,tag,no,no,no,no,no,no,no,no,no,no,no,no
oo23_196a003,1,tag,no,no,no,no,no,no,no,no,no,no,no,no
oo23_196a004,1,tag,no,no,no,no,no,no,no,no,no,no,no,no
oo23_196a005,1,tag,no,no,no,no,no,no,no,no,no,no,no,no
oo23_196a006,1,tag,no,no,no,no,no,no,no,no,no,no,no,no
oo23_196a007,1,tag,no,no,no,no,no,no,no,no,no,no,no,no
oo23_196a008,1,tag,no,no,no,no,no,no,no,no,no,no,no,no
oo23_196a009,1,tag,no,no,no,no,no,no,no,no,no,no,no,no
oo23_196a010,1,tag,no,no,no,no,no,no,no,no,no,no,no,no
oo23_196a011,1,tag,no,no,no,no,no,no,no,no,no,no,no,no
oo23_196a012,1,tag,no,no,no,no,no,no,no,no,no,no,no,no
oo23_196a013,1,tag,no,no,no,no,no,no,no,no,no,no,no,no
oo23_196a014,1,tag,no,no,no,no,no,no,no,no,no,no,no,no
oo23_196a015,1,tag,no,no,no,no,no,no,no,no,no,no,no,no
oo23_196a016,1,tag,no,no,no,no,no,no,no,no,no,no,no,no
oo23_196a017,1,tag,no,no,no,no,no,no,no,no,no,no,no,no
oo23_196a018,1,tag,no,no,no,no,no,no,no,no,no,no,no,no
oo23_196a019,1,tag,no,no,no,no,no,no,no,no,no,no,no,no
oo23_196a020,1,tag,no,no,no,no,no,no,no,no,no,no,no,no
oo23_196a021,1,tag,no,no,no,no,no,no,no,no,no,no,no,no
oo24_184a001,1,tag,no,no,no,no,no,no,no,no,no,no,no,no
oo24_184a002,1,tag,no,no,no,no,no,no,no,no,no,no,no,no
oo24_184a003,1,tag,no,no,no,no,no,no,no,no,no,no,no,no
oo24_184a004,1,tag,no,no,no,no,no,no,no,no,no,no,no,no
oo24_184a005,1,tag,no,no,no,no,no,no,no,no,no,no,no,no
oo24_184a006,1,tag,no,no,no,no,no,no,no,no,no,no,no,no
oo24_184a007,1,tag,no,no,no,no,no,no,no,no,no,no,no,no
oo24_184a008,1,tag,no,no,no,no,no,no,no,no,no,no,no,no
oo24_184a009,1,tag,no,no,no,no,no,no,no,no,no,no,no,no
oo24_184a010,1,tag,no,no,no,no,no,no,no,no,no,no,no,no
oo24_184a011,1,tag,no,no,no,no,no,no,no,no,no,no,no,no
oo24_184a012,1,tag,no,no,no,no,no,no,no,no,no,no,no,no
oo24_184a013,1,tag,no,no,no,no,no,no,no,no,no,no,no,no
oo24_184a014,1,tag,no,no,no,no,no,no,no,no,no,no,no,no
oo24_184a015,1,tag,no,no,no,no,no,no,no,no,no,no,no,no
oo24_184a016,1,tag,no,no,no,no,no,no,no,no,no,no,no,no
oo24_184a017,1,tag,no,no,no,no,no,no,no,no,no,no,no,no
oo24_184a018,1,tag,no,no,no,no,no,no,no,no,no,no,no,no
oo24_184a019,1,tag,no,no,no,no,no,no,no,no,no,no,no,no
oo24_184a020,1,tag,no,no,no,no,no,no,no,no,no,no,no,no
oo24_184a021,1,tag,no,no,no,no,no,no,no,no,no,no,no,no
oo24_184a022,1,tag,no,no,no,no,no,no,no,no,no,no,no,no
oo24_184a023,1,tag,no,no,no,no,no,no,no,no,no,no,no,no
oo24_184a024,1,tag,no,no,no,no,no,no,no,no,no,no,no,no
oo24_184a025,1,tag,no,no,no,no,no,no,no,no,no,no,no,no
oo24_184b001,1,tag,no,no,no,no,no,no,no,no,no,no,no,no
oo24_184b002,1,tag,no,no,no,no,no,no,no,no,no,no,no,no
oo24_184b003,1,tag,no,no,no,no,no,no,no,no,no,no,no,no
oo24_184b004,1,tag,no,no,no,no,no,no,no,no,no,no,no,no
oo24_184b005,1,tag,no,no,no,no,no,no,no,no,no,no,no,no
oo24_184b006,1,tag,no,no,no,no,no,no,no,no,no,no,no,no
oo24_184b007,1,tag,no,no,no,no,no,no,no,no,no,no,no,no
oo24_184b008,1,tag,no,no,no,no,no,no,no,no,no,no,no,no
oo24_184b009,1,tag,no,no,no,no,no,no,no,no,no,no,no,no
oo24_184b010,1,tag,no,no,no,no,no,no,no,no,no,no,no,no
oo24_184b011,1,tag,no,no,no,no,no,no,no,no,no,no,no,no
oo24_184b012,1,tag,no,no,no,no,no,no,no,no,no,no,no,no
oo24_184b013,1,tag,no,no,no,no,no,no,no,no,no,no,no,no
oo24_184b014,1,tag,no,no,no,no,no,no,no,no,no,no,no,no
oo24_184b015,1,tag,no,no,no,no,no,no,no,no,no,no,no,no
oo24_184b016,1,tag,no,no,no,no,no,no,no,no,no,no,no,no
oo24_184b017,1,tag,no,no,no,no,no,no,no,no,no,no,no,no
oo24_184b018,1,tag,no,no,no,no,no,no,no,no,no,no,no,no
oo24_184b019,1,tag,no,no,no,no,no,no,no,no,no,no,no,no
oo24_184b020,1,tag,no,no,no,no,no,no,no,no,no,no,no,no
oo24_184b021,1,tag,no,no,no,no,no,no,no,no,no,no,no,no
oo24_184b022,1,tag,no,no,no,no,no,no,no,no,no,no,no,no
oo24_184b023,1,tag,no,no,no,no,no,no,no,no,no,no,no,no
oo24_184b024,1,tag,no,no,no,no,no,no,no,no,no,no,no,no
oo24_184b025,1,tag,no,no,no,no,no,no,no,no,no,no,no,no
oo24_184b026,1,tag,no,no,no,no,no,no,no,no,no,no,no,no
oo24_197a001,1,tag,no,no,no,no,no,no,no,no,no,no,no,no
oo24_197a002,1,tag,no,no,no,no,no,no,no,no,no,no,no,no
oo24_197a003,1,tag,no,no,no,no,no,no,no,no,no,no,no,no
oo24_197a004,1,tag,no,no,no,no,no,no,no,no,no,no,no,no
oo24_197a005,1,tag,no,no,no,no,no,no,no,no,no,no,no,no
oo24_197a006,1,tag,no,no,no,no,no,no,no,no,no,no,no,no
oo24_197a007,1,tag,no,no,no,no,no,no,no,no,no,no,no,no
oo24_197a008,1,tag,no,no,no,no,no,no,no,no,no,no,no,no
oo24_197a009,1,tag,no,no,no,no,no,no,no,no,no,no,no,no
oo24_197a010,1,tag,no,no,no,no,no,no,no,no,no,no,no,no
oo24_197a011,1,tag,no,no,no,no,no,no,no,no,no,no,no,no
oo24_197a012,1,tag,no,no,no,no,no,no,no,no,no,no,no,no
oo24_197a013,1,tag,no,no,no,no,no,no,no,no,no,no,no,no
oo24_197a014,1,tag,no,no,no,no,no,no,no,no,no,no,no,no
oo24_197a015,1,tag,no,no,no,no,no,no,no,no,no,no,no,no
oo24_197a016,1,tag,no,no,no,no,no,no,no,no,no,no,no,no
oo24_197a017,1,tag,no,no,no,no,no,no,no,no,no,no,no,no
oo24_197a018,1,tag,no,no,no,no,no,no,no,no,no,no,no,no
oo24_197a019,1,tag,no,no,no,no,no,no,no,no,no,no,no,no
oo24_197a020,1,tag,no,no,no,no,no,no,no,no,no,no,no,no
oo24_197a021,1,tag,no,no,no,no,no,no,no,no,no,no,no,no
oo24_197a022,1,tag,no,no,no,no,no,no,no,no,no,no,no,no
oo24_197a023,1,tag,no,no,no,no,no,no,no,no,no,no,no,no
oo24_197a024,1,tag,no,no,no,no,no,no,no,no,no,no,no,no
oo24_197a025,1,tag,no,no,no,no,no,no,no,no,no,no,no,no
oo24_197a026,1,tag,no,no,no,no,no,no,no,no,no,no,no,no
oo24_197a027,1,tag,no,no,no,no,no,no,no,no,no,no,no,no
